Process Name,Step 1,Step 2,Step 3,Step 4,Step 5
Process 1.csv,165,173,252,254,255
Process 2.csv,165,173,252,173,255
Process 3.csv,165,173,252,254,255
Process 4.csv,165,173,252,254,255
Process 5.csv,165,173,252,254,255
Process 6.csv,165,173,252,254,255
Process 7.csv,165,173,252,254,255
Process 8.csv,165,173,252,254,255
Process 9.csv,173,173,252,254,255
Process 10.csv,165,173,252,254,255
Process 11.csv,165,173,252,254,255
Process 12.csv,165,173,252,254,255
Process 13.csv,165,173,252,254,255
Process 14.csv,165,254,252,254,255
Process 15.csv,165,173,252,254,255
Process 16.csv,165,173,252,254,255
Process 17.csv,165,173,252,254,255
Process 18.csv,165,173,252,254,255
Process 19.csv,165,173,252,254,255
Process 20.csv,165,173,165,254,255
Process 21.csv,165,173,252,254,255
Process 22.csv,254,173,252,254,255
Process 23.csv,165,173,252,254,255
Process 24.csv,165,173,252,254,255
Process 25.csv,165,173,252,254,255
Process 26.csv,165,173,253,254,255
Process 27.csv,165,173,252,254,255
Process 28.csv,165,173,252,254,255
Process 29.csv,165,173,252,254,255
Process 30.csv,165,173,252,254,255
Process 31.csv,165,173,252,254,255
Process 32.csv,165,173,252,253,255
Process 33.csv,165,173,252,254,255
Process 34.csv,165,173,252,254,255
Process 35.csv,165,173,252,254,255
Process 36.csv,165,173,252,254,255
Process 37.csv,165,173,252,254,255
Process 38.csv,165,173,252,254,165
Process 39.csv,165,173,165,254,255
Process 40.csv,165,173,252,254,255
Process 41.csv,165,173,252,254,255
Process 42.csv,165,173,252,254,255
Process 43.csv,165,173,252,254,255
Process 44.csv,165,173,252,254,255
Process 45.csv,165,173,252,254,255
Process 46.csv,165,173,252,254,255
Process 47.csv,165,173,252,254,255
Process 48.csv,165,173,252,254,255
Process 49.csv,165,173,252,254,255
Process 50.csv,165,173,252,254,255
Process 51.csv,165,173,252,254,255
Process 52.csv,165,173,252,254,255
Process 53.csv,165,173,252,254,255
Process 54.csv,165,173,252,254,255
Process 55.csv,165,253,252,254,255
Process 56.csv,165,173,252,254,255
Process 57.csv,165,173,252,254,255
Process 58.csv,165,173,252,254,255
Process 59.csv,165,173,252,254,255
Process 60.csv,165,173,252,254,255
Process 61.csv,165,173,252,254,255
Process 62.csv,165,173,252,254,173
Process 63.csv,165,173,252,254,255
Process 64.csv,165,173,252,254,255
Process 65.csv,165,173,252,254,255
Process 66.csv,165,173,173,254,255
Process 67.csv,165,173,252,254,255
Process 68.csv,165,173,252,254,255
Process 69.csv,165,253,252,254,255
Process 70.csv,165,173,252,254,255
Process 71.csv,165,173,252,254,255
Process 72.csv,165,173,252,254,255
Process 73.csv,165,173,253,254,255
Process 74.csv,165,173,252,254,255
Process 75.csv,165,173,252,254,255
Process 76.csv,165,173,252,254,255
Process 77.csv,165,173,252,254,255
Process 78.csv,165,173,252,254,255
Process 79.csv,165,173,252,254,255
Process 80.csv,165,173,252,254,165
Process 81.csv,165,173,252,254,255
Process 82.csv,165,173,252,254,255
Process 83.csv,165,173,252,254,255
Process 84.csv,165,173,252,254,255
Process 85.csv,165,173,173,254,255
Process 86.csv,165,173,252,254,255
Process 87.csv,165,173,252,254,254
Process 88.csv,165,173,252,254,255
Process 89.csv,165,173,252,254,255
Process 90.csv,165,173,252,254,255
Process 91.csv,165,173,252,254,255
Process 92.csv,165,173,252,254,255
Process 93.csv,165,173,252,254,255
Process 94.csv,165,173,252,254,255
Process 95.csv,165,173,252,254,255
Process 96.csv,165,173,252,254,255
Process 97.csv,165,173,252,254,255
Process 98.csv,165,173,252,254,255
Process 99.csv,165,173,252,254,255
Process 100.csv,165,173,252,254,255
Process 101.csv,252,173,252,254,255
Process 102.csv,165,173,252,252,255
Process 103.csv,165,173,252,254,255
Process 104.csv,165,173,252,254,255
Process 105.csv,165,173,252,254,255
Process 106.csv,165,173,252,254,255
Process 107.csv,165,173,252,254,253
Process 108.csv,165,173,252,254,255
Process 109.csv,165,173,252,254,255
Process 110.csv,165,173,252,165,255
Process 111.csv,165,173,252,254,255
Process 112.csv,165,173,252,254,255
Process 113.csv,165,173,252,254,255
Process 114.csv,165,173,252,254,255
Process 115.csv,165,173,252,254,255
Process 116.csv,165,173,252,254,255
Process 117.csv,165,173,252,254,255
Process 118.csv,165,173,252,254,255
Process 119.csv,165,173,252,254,255
Process 120.csv,165,173,252,254,255
Process 121.csv,165,173,252,254,255
Process 122.csv,165,173,252,254,255
Process 123.csv,165,173,252,254,255
Process 124.csv,165,173,252,254,255
Process 125.csv,165,173,252,254,255
Process 126.csv,165,173,252,254,255
Process 127.csv,165,173,252,254,255
Process 128.csv,165,173,252,254,255
Process 129.csv,165,173,252,254,255
Process 130.csv,165,173,252,254,255
Process 131.csv,165,173,252,254,255
Process 132.csv,165,173,252,254,255
Process 133.csv,165,173,252,254,255
Process 134.csv,165,173,252,254,255
Process 135.csv,165,173,252,254,255
Process 136.csv,165,173,252,254,255
Process 137.csv,165,173,252,254,255
Process 138.csv,165,173,252,254,255
Process 139.csv,165,173,252,254,255
Process 140.csv,165,173,252,254,255
Process 141.csv,165,173,252,254,255
Process 142.csv,165,173,252,254,255
Process 143.csv,165,173,254,254,255
Process 144.csv,165,173,252,254,255
Process 145.csv,165,173,252,254,255
Process 146.csv,165,173,252,254,255
Process 147.csv,165,173,252,254,255
Process 148.csv,165,173,252,254,255
Process 149.csv,165,173,252,254,255
Process 150.csv,165,173,252,254,255
Process 151.csv,173,173,252,254,255
Process 152.csv,165,173,252,165,255
Process 153.csv,165,173,252,254,255
Process 154.csv,165,173,252,254,255
Process 155.csv,165,173,252,254,255
Process 156.csv,165,173,252,254,255
Process 157.csv,165,173,252,254,255
Process 158.csv,165,173,252,253,255
Process 159.csv,165,173,252,254,255
Process 160.csv,165,173,252,254,255
Process 161.csv,165,173,252,254,255
Process 162.csv,165,173,252,165,255
Process 163.csv,165,173,252,254,255
Process 164.csv,165,173,252,254,255
Process 165.csv,165,173,252,254,255
Process 166.csv,165,173,252,254,255
Process 167.csv,165,173,252,254,255
Process 168.csv,165,173,252,254,255
Process 169.csv,165,173,252,254,255
Process 170.csv,165,173,254,254,255
Process 171.csv,165,173,252,254,255
Process 172.csv,165,173,252,254,255
Process 173.csv,165,173,252,254,255
Process 174.csv,165,173,252,254,255
Process 175.csv,165,173,252,254,255
Process 176.csv,165,173,252,254,255
Process 177.csv,165,173,252,254,255
Process 178.csv,165,173,252,254,255
Process 179.csv,165,173,252,254,255
Process 180.csv,165,173,252,254,255
Process 181.csv,165,173,252,254,255
Process 182.csv,165,173,252,254,255
Process 183.csv,165,173,252,254,255
Process 184.csv,165,173,252,254,255
Process 185.csv,165,173,252,254,255
Process 186.csv,165,173,252,254,255
Process 187.csv,165,173,252,254,255
Process 188.csv,165,173,252,254,255
Process 189.csv,165,173,252,254,255
Process 190.csv,173,173,252,254,255
Process 191.csv,165,173,252,254,255
Process 192.csv,165,173,252,254,255
Process 193.csv,165,173,252,254,255
Process 194.csv,165,173,252,254,255
Process 195.csv,165,173,252,254,255
Process 196.csv,165,173,252,254,255
Process 197.csv,165,173,252,254,255
Process 198.csv,165,173,252,254,255
Process 199.csv,165,173,173,254,255
Process 200.csv,165,173,252,253,255
Process 201.csv,165,173,252,254,255
Process 202.csv,165,173,252,254,255
Process 203.csv,165,254,252,254,255
Process 204.csv,165,173,252,254,255
Process 205.csv,165,173,252,254,255
Process 206.csv,165,173,252,254,255
Process 207.csv,165,173,252,254,255
Process 208.csv,165,173,252,254,255
Process 209.csv,165,173,252,254,255
Process 210.csv,165,173,254,254,255
Process 211.csv,165,173,252,254,255
Process 212.csv,165,173,252,254,255
Process 213.csv,165,173,252,254,255
Process 214.csv,165,173,173,254,255
Process 215.csv,165,173,252,254,255
Process 216.csv,165,173,252,253,255
Process 217.csv,165,173,252,254,255
Process 218.csv,173,173,252,254,255
Process 219.csv,165,173,252,254,253
Process 220.csv,253,173,252,254,255
Process 221.csv,165,173,252,254,255
Process 222.csv,165,173,252,254,255
Process 223.csv,165,173,252,254,255
Process 224.csv,165,173,165,254,255
Process 225.csv,165,173,252,254,255
Process 226.csv,165,173,252,254,255
Process 227.csv,165,173,252,254,255
Process 228.csv,165,173,252,254,255
Process 229.csv,165,173,252,254,255
Process 230.csv,165,173,252,254,255
Process 231.csv,165,173,252,254,255
Process 232.csv,165,173,252,254,255
Process 233.csv,165,173,252,254,255
Process 234.csv,165,173,252,254,255
Process 235.csv,165,173,252,254,252
Process 236.csv,165,173,252,254,255
Process 237.csv,165,173,252,254,255
Process 238.csv,165,173,252,254,173
Process 239.csv,165,173,252,254,255
Process 240.csv,165,173,252,254,255
Process 241.csv,165,173,252,254,165
Process 242.csv,165,173,252,254,255
Process 243.csv,165,173,252,254,255
Process 244.csv,165,173,252,254,255
Process 245.csv,165,173,252,254,165
Process 246.csv,165,173,252,254,255
Process 247.csv,173,173,252,254,255
Process 248.csv,165,173,252,254,255
Process 249.csv,165,173,252,254,255
Process 250.csv,165,173,252,254,255
Process 251.csv,165,173,252,254,255
Process 252.csv,165,173,252,254,255
Process 253.csv,165,173,252,254,255
Process 254.csv,165,173,252,254,165
Process 255.csv,165,173,252,254,255
Process 256.csv,165,173,252,254,255
Process 257.csv,165,173,252,254,165
Process 258.csv,254,173,252,254,255
Process 259.csv,165,173,252,254,255
Process 260.csv,165,173,252,254,255
Process 261.csv,165,173,252,254,255
Process 262.csv,165,173,252,254,255
Process 263.csv,165,173,252,254,255
Process 264.csv,165,173,252,254,255
Process 265.csv,165,173,252,254,255
Process 266.csv,165,173,252,254,255
Process 267.csv,165,173,252,253,255
Process 268.csv,165,173,252,254,255
Process 269.csv,165,173,252,254,255
Process 270.csv,165,173,252,254,255
Process 271.csv,165,173,252,254,255
Process 272.csv,165,173,252,254,255
Process 273.csv,165,173,252,254,255
Process 274.csv,165,173,252,254,255
Process 275.csv,165,173,252,254,255
Process 276.csv,165,173,252,254,255
Process 277.csv,165,173,252,254,255
Process 278.csv,173,173,252,254,255
Process 279.csv,165,173,252,254,255
Process 280.csv,165,173,252,254,253
Process 281.csv,173,173,252,254,255
Process 282.csv,165,173,252,254,255
Process 283.csv,165,173,252,254,255
Process 284.csv,165,173,252,254,255
Process 285.csv,165,173,252,254,255
Process 286.csv,165,173,252,254,255
Process 287.csv,165,173,252,254,255
Process 288.csv,165,173,252,254,255
Process 289.csv,165,173,252,254,255
Process 290.csv,165,173,252,254,255
Process 291.csv,165,173,252,254,255
Process 292.csv,165,173,252,254,255
Process 293.csv,165,173,252,254,255
Process 294.csv,165,173,252,254,255
Process 295.csv,165,173,252,254,255
Process 296.csv,165,173,252,254,255
Process 297.csv,165,173,252,254,165
Process 298.csv,165,173,252,254,255
Process 299.csv,165,173,252,254,255
Process 300.csv,165,173,252,165,255
Process 301.csv,165,173,254,254,255
Process 302.csv,165,173,252,254,255
Process 303.csv,165,173,252,254,253
Process 304.csv,165,173,252,254,255
Process 305.csv,165,173,252,254,255
Process 306.csv,165,173,252,254,255
Process 307.csv,165,173,252,254,255
Process 308.csv,165,173,252,254,255
Process 309.csv,165,173,252,254,255
Process 310.csv,165,173,252,254,255
Process 311.csv,165,173,252,254,255
Process 312.csv,165,173,252,254,255
Process 313.csv,165,173,252,254,255
Process 314.csv,165,173,252,254,255
Process 315.csv,165,173,252,254,253
Process 316.csv,165,173,252,254,255
Process 317.csv,165,173,252,254,255
Process 318.csv,165,173,252,254,255
Process 319.csv,165,173,252,254,255
Process 320.csv,165,173,252,254,255
Process 321.csv,165,173,252,254,255
Process 322.csv,165,173,252,254,255
Process 323.csv,165,173,252,254,255
Process 324.csv,165,173,252,254,255
Process 325.csv,165,173,252,254,255
Process 326.csv,165,173,252,254,255
Process 327.csv,165,173,252,254,255
Process 328.csv,165,173,252,254,255
Process 329.csv,165,173,252,254,255
Process 330.csv,165,173,252,254,255
Process 331.csv,165,173,253,254,255
Process 332.csv,165,173,252,254,255
Process 333.csv,165,173,252,254,255
Process 334.csv,165,173,252,254,255
Process 335.csv,165,165,252,254,255
Process 336.csv,165,173,252,254,255
Process 337.csv,165,173,252,254,255
Process 338.csv,165,173,252,254,255
Process 339.csv,165,173,252,254,255
Process 340.csv,165,173,252,254,255
Process 341.csv,165,173,252,254,255
Process 342.csv,165,173,252,254,255
Process 343.csv,165,173,252,254,255
Process 344.csv,165,173,252,254,255
Process 345.csv,165,173,252,254,255
Process 346.csv,165,173,252,254,255
Process 347.csv,165,173,252,254,255
Process 348.csv,165,173,252,254,255
Process 349.csv,165,173,252,254,255
Process 350.csv,165,173,252,254,173
Process 351.csv,165,165,252,254,255
Process 352.csv,165,173,252,254,255
Process 353.csv,165,173,252,254,255
Process 354.csv,165,252,252,254,255
Process 355.csv,165,173,252,254,255
Process 356.csv,165,173,253,254,255
Process 357.csv,165,173,252,254,255
Process 358.csv,165,173,252,254,255
Process 359.csv,165,173,252,254,255
Process 360.csv,165,173,252,254,255
Process 361.csv,165,173,252,254,255
Process 362.csv,165,173,252,254,255
Process 363.csv,165,173,252,254,255
Process 364.csv,165,165,252,254,255
Process 365.csv,165,173,252,254,255
Process 366.csv,165,173,252,254,255
Process 367.csv,165,173,252,254,255
Process 368.csv,165,173,252,254,255
Process 369.csv,165,173,252,254,255
Process 370.csv,165,173,252,254,255
Process 371.csv,165,173,252,254,255
Process 372.csv,165,173,252,254,255
Process 373.csv,165,173,252,254,255
Process 374.csv,165,173,252,254,255
Process 375.csv,165,173,165,254,255
Process 376.csv,165,173,252,254,255
Process 377.csv,165,173,252,254,255
Process 378.csv,165,173,252,254,255
Process 379.csv,165,173,252,254,255
Process 380.csv,165,173,252,254,255
Process 381.csv,165,173,252,254,255
Process 382.csv,165,173,252,254,165
Process 383.csv,165,173,252,254,255
Process 384.csv,165,173,252,254,255
Process 385.csv,165,173,252,254,255
Process 386.csv,165,165,252,254,255
Process 387.csv,165,173,252,254,255
Process 388.csv,165,173,252,254,255
Process 389.csv,165,173,252,254,255
Process 390.csv,165,173,165,254,255
Process 391.csv,165,173,252,254,254
Process 392.csv,165,173,252,254,255
Process 393.csv,165,173,252,254,255
Process 394.csv,165,173,252,254,255
Process 395.csv,165,173,173,254,255
Process 396.csv,165,173,252,254,255
Process 397.csv,165,173,252,254,255
Process 398.csv,165,173,252,254,255
Process 399.csv,165,173,252,254,255
Process 400.csv,165,173,252,254,255
Process 401.csv,165,173,252,254,255
Process 402.csv,165,173,252,254,255
Process 403.csv,165,173,252,254,255
Process 404.csv,165,173,252,254,255
Process 405.csv,165,173,252,254,255
Process 406.csv,165,173,252,254,255
Process 407.csv,165,173,252,254,255
Process 408.csv,165,173,252,254,255
Process 409.csv,165,173,252,254,255
Process 410.csv,165,173,252,254,255
Process 411.csv,165,173,252,254,255
Process 412.csv,165,173,252,254,254
Process 413.csv,165,173,252,254,255
Process 414.csv,165,173,252,254,255
Process 415.csv,165,173,252,254,255
Process 416.csv,165,173,252,254,255
Process 417.csv,165,173,252,254,255
Process 418.csv,165,173,252,254,255
Process 419.csv,165,173,252,254,255
Process 420.csv,165,173,252,254,255
Process 421.csv,165,173,252,254,255
Process 422.csv,165,173,252,254,255
Process 423.csv,165,173,252,254,252
Process 424.csv,165,173,252,254,255
Process 425.csv,252,173,252,254,255
Process 426.csv,165,173,252,165,255
Process 427.csv,252,173,252,254,255
Process 428.csv,165,173,252,254,255
Process 429.csv,165,173,252,254,255
Process 430.csv,165,173,252,254,253
Process 431.csv,165,173,173,254,255
Process 432.csv,165,173,252,254,255
Process 433.csv,165,173,252,254,255
Process 434.csv,165,173,252,254,255
Process 435.csv,165,173,252,254,255
Process 436.csv,165,173,252,254,255
Process 437.csv,165,173,252,254,255
Process 438.csv,165,173,252,254,255
Process 439.csv,165,173,252,254,255
Process 440.csv,165,173,252,254,255
Process 441.csv,165,173,252,254,255
Process 442.csv,165,173,252,254,255
Process 443.csv,165,173,252,254,255
Process 444.csv,165,173,252,254,255
Process 445.csv,165,173,252,254,255
Process 446.csv,165,173,252,254,255
Process 447.csv,165,173,252,254,255
Process 448.csv,165,173,252,254,255
Process 449.csv,165,173,252,254,255
Process 450.csv,165,173,252,254,255
Process 451.csv,165,173,252,254,252
Process 452.csv,165,173,252,254,255
Process 453.csv,165,173,252,254,255
Process 454.csv,165,173,252,254,255
Process 455.csv,165,173,252,254,255
Process 456.csv,165,173,252,254,255
Process 457.csv,165,173,252,254,255
Process 458.csv,165,173,252,254,255
Process 459.csv,165,173,252,254,255
Process 460.csv,165,173,252,254,255
Process 461.csv,165,173,252,254,255
Process 462.csv,165,173,252,254,255
Process 463.csv,165,173,252,254,255
Process 464.csv,165,173,252,254,255
Process 465.csv,165,173,252,254,255
Process 466.csv,165,173,252,254,255
Process 467.csv,165,173,252,254,255
Process 468.csv,165,173,252,254,255
Process 469.csv,165,173,252,254,255
Process 470.csv,165,173,252,254,255
Process 471.csv,165,173,252,254,255
Process 472.csv,165,173,252,165,255
Process 473.csv,165,173,252,254,255
Process 474.csv,165,253,252,254,255
Process 475.csv,165,173,252,254,255
Process 476.csv,254,173,252,254,255
Process 477.csv,165,173,252,254,255
Process 478.csv,165,173,252,254,255
Process 479.csv,165,173,252,254,255
Process 480.csv,165,173,252,254,255
Process 481.csv,165,173,252,254,255
Process 482.csv,165,173,252,254,255
Process 483.csv,165,173,252,254,255
Process 484.csv,165,173,252,254,255
Process 485.csv,165,173,252,254,255
Process 486.csv,165,173,252,254,255
Process 487.csv,165,252,252,254,255
Process 488.csv,165,173,252,254,255
Process 489.csv,165,173,252,254,253
Process 490.csv,165,173,252,254,255
Process 491.csv,165,173,252,254,255
Process 492.csv,165,173,252,254,255
Process 493.csv,165,173,252,254,255
Process 494.csv,165,173,252,254,255
Process 495.csv,165,173,252,254,255
Process 496.csv,165,173,252,254,255
Process 497.csv,165,173,252,254,255
Process 498.csv,165,173,252,254,255
Process 499.csv,165,173,252,254,255
Process 500.csv,165,173,252,254,252
Process 501.csv,165,173,252,254,255
Process 502.csv,165,173,252,254,255
Process 503.csv,165,253,252,254,255
Process 504.csv,165,173,252,254,255
Process 505.csv,165,173,252,165,255
Process 506.csv,165,173,252,254,255
Process 507.csv,165,173,252,254,255
Process 508.csv,165,173,252,254,255
Process 509.csv,165,173,252,254,255
Process 510.csv,165,173,252,254,255
Process 511.csv,165,173,252,254,255
Process 512.csv,165,173,252,254,255
Process 513.csv,165,173,252,254,255
Process 514.csv,165,173,252,254,255
Process 515.csv,165,173,252,254,255
Process 516.csv,165,173,252,254,255
Process 517.csv,165,173,254,254,255
Process 518.csv,165,173,252,254,255
Process 519.csv,165,173,252,254,255
Process 520.csv,165,173,252,254,255
Process 521.csv,165,173,252,254,255
Process 522.csv,165,173,252,254,255
Process 523.csv,165,173,252,254,255
Process 524.csv,165,173,252,254,255
Process 525.csv,165,173,252,254,255
Process 526.csv,173,173,252,254,255
Process 527.csv,165,173,252,254,255
Process 528.csv,165,173,252,253,255
Process 529.csv,165,173,252,254,255
Process 530.csv,165,173,252,254,255
Process 531.csv,165,173,252,254,255
Process 532.csv,165,173,252,254,255
Process 533.csv,165,173,252,254,255
Process 534.csv,165,173,252,254,255
Process 535.csv,165,173,252,254,255
Process 536.csv,173,173,252,254,255
Process 537.csv,165,173,252,254,173
Process 538.csv,165,173,252,254,255
Process 539.csv,165,173,252,254,255
Process 540.csv,165,173,252,254,255
Process 541.csv,165,173,252,254,255
Process 542.csv,165,173,252,254,255
Process 543.csv,165,173,252,254,255
Process 544.csv,165,173,252,254,255
Process 545.csv,165,173,252,254,255
Process 546.csv,165,173,252,254,255
Process 547.csv,165,173,252,254,255
Process 548.csv,165,173,252,254,255
Process 549.csv,165,173,252,254,255
Process 550.csv,165,173,252,173,255
Process 551.csv,165,173,252,254,255
Process 552.csv,165,173,252,254,255
Process 553.csv,165,173,252,254,255
Process 554.csv,165,173,252,254,255
Process 555.csv,165,173,252,254,255
Process 556.csv,165,173,252,254,165
Process 557.csv,165,173,252,254,255
Process 558.csv,165,173,252,254,255
Process 559.csv,165,173,252,254,255
Process 560.csv,254,173,252,254,255
Process 561.csv,165,173,252,254,255
Process 562.csv,165,173,252,254,255
Process 563.csv,253,173,252,254,255
Process 564.csv,165,173,252,254,255
Process 565.csv,165,173,252,254,255
Process 566.csv,165,173,252,254,255
Process 567.csv,165,173,252,254,255
Process 568.csv,165,173,252,254,255
Process 569.csv,165,173,252,254,255
Process 570.csv,165,173,252,254,255
Process 571.csv,165,173,252,165,255
Process 572.csv,165,254,252,254,255
Process 573.csv,165,173,252,254,255
Process 574.csv,165,173,252,254,255
Process 575.csv,165,173,252,254,255
Process 576.csv,165,173,252,254,255
Process 577.csv,253,173,252,254,255
Process 578.csv,165,173,252,254,255
Process 579.csv,165,173,252,254,255
Process 580.csv,165,173,252,254,255
Process 581.csv,165,173,252,254,255
Process 582.csv,165,173,252,254,255
Process 583.csv,165,173,252,254,255
Process 584.csv,165,173,252,254,255
Process 585.csv,165,173,252,253,255
Process 586.csv,165,173,252,254,255
Process 587.csv,252,173,252,254,255
Process 588.csv,165,173,252,254,255
Process 589.csv,165,173,252,254,255
Process 590.csv,165,173,252,254,255
Process 591.csv,165,173,252,254,255
Process 592.csv,165,173,252,254,255
Process 593.csv,165,173,252,254,255
Process 594.csv,165,173,252,254,255
Process 595.csv,165,253,252,254,255
Process 596.csv,165,173,252,254,255
Process 597.csv,165,173,252,254,255
Process 598.csv,165,173,252,254,255
Process 599.csv,165,173,252,254,255
Process 600.csv,165,173,252,254,255
Process 601.csv,165,173,252,254,255
Process 602.csv,165,173,252,254,255
Process 603.csv,165,173,252,254,255
Process 604.csv,165,173,252,254,255
Process 605.csv,165,173,253,254,255
Process 606.csv,165,173,252,254,255
Process 607.csv,165,173,252,254,255
Process 608.csv,165,173,252,254,255
Process 609.csv,165,173,165,254,255
Process 610.csv,165,173,252,254,255
Process 611.csv,165,173,252,254,255
Process 612.csv,165,173,252,254,255
Process 613.csv,165,173,252,254,255
Process 614.csv,165,173,252,254,255
Process 615.csv,165,173,252,173,255
Process 616.csv,165,173,252,254,255
Process 617.csv,253,173,252,254,255
Process 618.csv,165,173,252,254,255
Process 619.csv,165,173,252,254,252
Process 620.csv,165,173,252,254,252
Process 621.csv,165,173,252,254,255
Process 622.csv,165,173,252,254,255
Process 623.csv,165,173,252,254,255
Process 624.csv,165,173,252,254,173
Process 625.csv,165,173,252,254,255
Process 626.csv,165,173,252,254,255
Process 627.csv,165,173,252,254,255
Process 628.csv,165,173,252,254,255
Process 629.csv,165,173,252,254,255
Process 630.csv,165,173,252,254,255
Process 631.csv,165,173,252,254,255
Process 632.csv,165,173,252,252,255
Process 633.csv,165,173,252,173,255
Process 634.csv,165,173,252,254,255
Process 635.csv,165,173,252,254,255
Process 636.csv,165,173,252,254,255
Process 637.csv,254,173,252,254,255
Process 638.csv,165,173,252,254,255
Process 639.csv,165,173,252,254,255
Process 640.csv,165,173,252,254,255
Process 641.csv,165,173,252,254,255
Process 642.csv,165,173,252,254,173
Process 643.csv,165,173,252,254,255
Process 644.csv,165,173,252,254,255
Process 645.csv,165,173,252,254,255
Process 646.csv,165,173,252,254,255
Process 647.csv,165,173,252,254,255
Process 648.csv,165,173,252,254,255
Process 649.csv,165,173,252,254,255
Process 650.csv,165,173,252,254,255
Process 651.csv,165,173,252,254,255
Process 652.csv,165,173,252,165,255
Process 653.csv,165,173,252,254,165
Process 654.csv,165,173,252,254,255
Process 655.csv,165,173,252,254,255
Process 656.csv,165,173,252,254,255
Process 657.csv,165,173,252,254,255
Process 658.csv,165,173,252,254,255
Process 659.csv,165,173,252,254,255
Process 660.csv,165,173,252,254,255
Process 661.csv,165,173,165,254,255
Process 662.csv,252,173,252,254,255
Process 663.csv,165,173,252,254,255
Process 664.csv,165,173,252,254,255
Process 665.csv,165,173,252,254,255
Process 666.csv,165,173,252,254,255
Process 667.csv,165,173,252,254,255
Process 668.csv,165,173,252,252,255
Process 669.csv,165,173,252,254,255
Process 670.csv,165,173,252,254,255
Process 671.csv,165,173,252,254,255
Process 672.csv,165,173,252,254,255
Process 673.csv,165,173,252,254,255
Process 674.csv,165,173,252,254,255
Process 675.csv,165,173,252,254,255
Process 676.csv,165,173,252,254,255
Process 677.csv,165,173,252,254,255
Process 678.csv,165,173,252,254,255
Process 679.csv,165,173,252,254,255
Process 680.csv,165,173,252,254,165
Process 681.csv,165,173,252,254,165
Process 682.csv,165,173,252,254,255
Process 683.csv,165,173,252,254,255
Process 684.csv,165,173,252,254,255
Process 685.csv,165,173,252,254,255
Process 686.csv,165,173,252,254,255
Process 687.csv,165,173,252,254,255
Process 688.csv,165,173,252,254,255
Process 689.csv,165,173,252,254,255
Process 690.csv,165,173,252,254,255
Process 691.csv,165,173,252,254,255
Process 692.csv,165,173,252,254,255
Process 693.csv,252,173,252,254,255
Process 694.csv,165,173,252,254,255
Process 695.csv,165,173,252,254,255
Process 696.csv,165,173,252,254,254
Process 697.csv,165,173,252,254,255
Process 698.csv,165,173,252,254,255
Process 699.csv,165,173,252,254,255
Process 700.csv,165,173,252,254,255
Process 701.csv,165,173,252,254,255
Process 702.csv,165,173,252,254,255
Process 703.csv,165,165,252,254,255
Process 704.csv,165,173,252,254,255
Process 705.csv,165,173,252,254,255
Process 706.csv,165,173,252,254,255
Process 707.csv,165,173,252,254,255
Process 708.csv,165,173,252,254,255
Process 709.csv,165,173,252,254,255
Process 710.csv,165,173,252,254,255
Process 711.csv,165,173,252,254,255
Process 712.csv,252,173,252,254,255
Process 713.csv,165,173,252,254,255
Process 714.csv,165,173,252,254,255
Process 715.csv,165,173,252,254,255
Process 716.csv,165,173,252,254,255
Process 717.csv,165,173,252,254,255
Process 718.csv,165,173,252,254,255
Process 719.csv,165,173,252,254,255
Process 720.csv,165,173,252,254,255
Process 721.csv,165,173,252,254,255
Process 722.csv,165,173,252,254,255
Process 723.csv,165,173,252,254,255
Process 724.csv,165,173,252,254,255
Process 725.csv,165,173,252,254,255
Process 726.csv,165,173,252,254,255
Process 727.csv,165,173,252,254,255
Process 728.csv,165,173,252,254,255
Process 729.csv,165,173,252,254,253
Process 730.csv,165,173,252,254,255
Process 731.csv,165,173,252,254,255
Process 732.csv,165,173,253,254,255
Process 733.csv,165,173,252,254,254
Process 734.csv,165,173,252,254,255
Process 735.csv,165,173,252,254,255
Process 736.csv,165,173,252,254,255
Process 737.csv,165,173,252,254,255
Process 738.csv,165,173,252,254,255
Process 739.csv,165,173,252,254,253
Process 740.csv,165,173,252,254,255
Process 741.csv,165,173,252,254,254
Process 742.csv,165,173,252,254,255
Process 743.csv,165,173,252,254,255
Process 744.csv,165,173,252,254,255
Process 745.csv,165,173,252,254,255
Process 746.csv,165,173,252,254,255
Process 747.csv,165,173,252,254,255
Process 748.csv,165,173,252,254,255
Process 749.csv,165,173,252,254,253
Process 750.csv,165,173,252,254,255
Process 751.csv,165,173,252,254,173
Process 752.csv,165,173,252,254,255
Process 753.csv,165,173,252,254,255
Process 754.csv,165,173,252,254,255
Process 755.csv,165,165,252,254,255
Process 756.csv,165,173,252,254,255
Process 757.csv,165,173,252,254,255
Process 758.csv,165,173,252,254,255
Process 759.csv,165,173,252,254,255
Process 760.csv,252,173,252,254,255
Process 761.csv,165,253,252,254,255
Process 762.csv,165,173,252,254,255
Process 763.csv,165,254,252,254,255
Process 764.csv,165,173,252,254,255
Process 765.csv,165,173,252,254,255
Process 766.csv,165,173,252,254,255
Process 767.csv,165,173,252,254,255
Process 768.csv,165,253,252,254,255
Process 769.csv,165,173,252,254,255
Process 770.csv,165,173,252,254,255
Process 771.csv,165,173,252,254,255
Process 772.csv,165,173,253,254,255
Process 773.csv,165,173,252,254,255
Process 774.csv,165,173,252,254,255
Process 775.csv,165,173,252,254,255
Process 776.csv,165,173,252,254,255
Process 777.csv,165,173,252,254,252
Process 778.csv,165,173,252,254,255
Process 779.csv,165,173,252,254,255
Process 780.csv,165,173,252,254,255
Process 781.csv,165,173,252,254,255
Process 782.csv,165,173,252,254,255
Process 783.csv,165,173,252,254,255
Process 784.csv,165,173,252,254,255
Process 785.csv,165,173,252,254,255
Process 786.csv,165,173,252,252,255
Process 787.csv,165,173,252,254,255
Process 788.csv,165,173,252,254,255
Process 789.csv,165,173,252,254,255
Process 790.csv,165,173,252,254,255
Process 791.csv,165,173,252,254,255
Process 792.csv,165,173,252,254,255
Process 793.csv,165,173,253,254,255
Process 794.csv,165,253,252,254,255
Process 795.csv,165,173,252,254,255
Process 796.csv,165,173,252,254,255
Process 797.csv,165,173,252,254,255
Process 798.csv,165,173,252,254,255
Process 799.csv,165,173,252,254,255
Process 800.csv,165,173,252,254,255
Process 801.csv,165,173,252,254,255
Process 802.csv,165,173,252,254,255
Process 803.csv,165,173,252,254,255
Process 804.csv,165,173,252,254,255
Process 805.csv,165,173,252,254,255
Process 806.csv,165,173,252,254,255
Process 807.csv,165,173,254,254,255
Process 808.csv,165,173,252,173,255
Process 809.csv,165,173,252,254,255
Process 810.csv,165,173,252,254,255
Process 811.csv,165,173,252,254,255
Process 812.csv,165,173,252,254,255
Process 813.csv,165,173,252,254,255
Process 814.csv,165,173,252,254,255
Process 815.csv,165,173,253,254,255
Process 816.csv,165,173,252,254,255
Process 817.csv,165,165,252,254,255
Process 818.csv,165,173,252,254,255
Process 819.csv,165,173,173,254,255
Process 820.csv,165,173,252,254,255
Process 821.csv,165,173,252,254,255
Process 822.csv,165,173,252,254,255
Process 823.csv,165,173,252,254,255
Process 824.csv,165,173,252,254,255
Process 825.csv,165,252,252,254,255
Process 826.csv,165,173,252,254,255
Process 827.csv,165,173,252,254,255
Process 828.csv,165,173,252,254,255
Process 829.csv,165,173,252,254,255
Process 830.csv,165,173,252,254,255
Process 831.csv,165,173,252,254,255
Process 832.csv,165,173,252,254,255
Process 833.csv,165,173,252,254,252
Process 834.csv,165,173,252,254,255
Process 835.csv,165,173,252,254,255
Process 836.csv,165,173,252,254,255
Process 837.csv,165,173,252,254,255
Process 838.csv,165,173,252,254,255
Process 839.csv,165,173,252,254,255
Process 840.csv,165,173,252,254,255
Process 841.csv,165,173,252,254,255
Process 842.csv,165,173,252,254,255
Process 843.csv,165,173,252,254,255
Process 844.csv,165,173,252,254,255
Process 845.csv,165,173,252,254,255
Process 846.csv,165,173,252,254,255
Process 847.csv,165,173,252,254,255
Process 848.csv,165,173,252,254,255
Process 849.csv,165,173,252,254,255
Process 850.csv,165,253,252,254,255
Process 851.csv,165,173,252,254,255
Process 852.csv,165,173,252,173,255
Process 853.csv,165,173,252,254,255
Process 854.csv,165,173,252,254,255
Process 855.csv,165,173,252,254,255
Process 856.csv,165,173,252,254,255
Process 857.csv,165,173,252,254,255
Process 858.csv,165,173,252,254,255
Process 859.csv,165,173,252,254,255
Process 860.csv,165,173,252,254,255
Process 861.csv,165,173,252,254,255
Process 862.csv,165,173,252,254,255
Process 863.csv,165,173,252,254,255
Process 864.csv,165,173,252,254,255
Process 865.csv,165,173,252,254,255
Process 866.csv,165,173,252,253,255
Process 867.csv,165,173,252,254,255
Process 868.csv,165,173,252,254,255
Process 869.csv,252,173,252,254,255
Process 870.csv,165,173,252,254,255
Process 871.csv,165,173,252,254,255
Process 872.csv,165,173,252,254,255
Process 873.csv,165,173,252,254,255
Process 874.csv,165,173,252,254,255
Process 875.csv,165,173,252,254,255
Process 876.csv,165,173,252,254,255
Process 877.csv,165,173,252,254,255
Process 878.csv,165,173,252,254,255
Process 879.csv,252,173,252,254,255
Process 880.csv,165,173,252,254,255
Process 881.csv,165,173,252,254,255
Process 882.csv,165,173,252,254,255
Process 883.csv,165,173,252,254,255
Process 884.csv,165,173,252,254,255
Process 885.csv,165,173,252,254,255
Process 886.csv,165,173,252,254,255
Process 887.csv,165,173,252,254,254
Process 888.csv,165,173,252,254,255
Process 889.csv,165,173,252,254,255
Process 890.csv,165,173,252,254,255
Process 891.csv,165,173,252,254,255
Process 892.csv,165,173,252,254,255
Process 893.csv,165,173,252,254,255
Process 894.csv,165,173,165,254,255
Process 895.csv,165,173,252,254,255
Process 896.csv,165,173,252,254,255
Process 897.csv,165,173,252,254,255
Process 898.csv,165,173,252,254,255
Process 899.csv,165,173,252,254,255
Process 900.csv,165,173,252,254,255
Process 901.csv,165,173,252,254,255
Process 902.csv,165,173,252,254,255
Process 903.csv,165,173,252,252,255
Process 904.csv,165,173,252,254,255
Process 905.csv,165,173,252,254,165
Process 906.csv,165,173,252,254,255
Process 907.csv,165,173,252,254,255
Process 908.csv,165,173,252,254,255
Process 909.csv,165,173,252,254,255
Process 910.csv,165,173,252,254,255
Process 911.csv,165,173,252,254,255
Process 912.csv,165,173,252,254,255
Process 913.csv,165,173,252,254,255
Process 914.csv,165,173,252,254,255
Process 915.csv,165,173,252,254,255
Process 916.csv,165,173,252,254,165
Process 917.csv,165,173,252,254,255
Process 918.csv,165,173,252,254,255
Process 919.csv,165,173,252,254,255
Process 920.csv,165,173,252,254,255
Process 921.csv,165,173,252,254,255
Process 922.csv,165,173,252,254,255
Process 923.csv,165,173,252,254,255
Process 924.csv,165,173,252,254,255
Process 925.csv,165,173,252,254,255
Process 926.csv,165,173,252,254,255
Process 927.csv,165,173,252,254,255
Process 928.csv,165,173,252,254,255
Process 929.csv,165,173,252,254,255
Process 930.csv,165,173,173,254,255
Process 931.csv,165,173,165,254,255
Process 932.csv,165,173,252,254,255
Process 933.csv,165,173,252,254,255
Process 934.csv,165,173,252,254,255
Process 935.csv,165,173,252,254,255
Process 936.csv,165,173,252,254,255
Process 937.csv,165,173,252,254,255
Process 938.csv,165,173,252,254,255
Process 939.csv,165,173,252,254,255
Process 940.csv,165,173,252,254,255
Process 941.csv,165,173,252,254,255
Process 942.csv,165,173,252,254,255
Process 943.csv,165,173,252,254,255
Process 944.csv,254,173,252,254,255
Process 945.csv,165,173,252,254,255
Process 946.csv,165,173,252,254,255
Process 947.csv,165,173,252,253,255
Process 948.csv,165,173,252,254,255
Process 949.csv,165,173,252,254,255
Process 950.csv,165,173,252,254,255
Process 951.csv,165,173,252,254,255
Process 952.csv,165,254,252,254,255
Process 953.csv,165,173,252,254,255
Process 954.csv,165,173,252,254,255
Process 955.csv,165,173,252,254,255
Process 956.csv,165,173,252,254,255
Process 957.csv,165,173,252,254,165
Process 958.csv,165,173,252,254,255
Process 959.csv,165,173,252,254,173
Process 960.csv,165,173,252,254,255
Process 961.csv,165,173,252,254,255
Process 962.csv,165,173,252,254,255
Process 963.csv,165,173,252,254,255
Process 964.csv,165,173,252,254,255
Process 965.csv,165,173,252,254,255
Process 966.csv,165,173,252,254,255
Process 967.csv,165,173,252,254,255
Process 968.csv,165,173,252,254,255
Process 969.csv,165,173,252,254,255
Process 970.csv,165,173,253,254,255
Process 971.csv,165,173,252,254,255
Process 972.csv,165,173,252,254,255
Process 973.csv,165,173,252,254,255
Process 974.csv,165,173,252,254,255
Process 975.csv,165,173,252,254,255
Process 976.csv,165,173,252,254,255
Process 977.csv,165,173,252,254,255
Process 978.csv,165,173,252,254,255
Process 979.csv,165,173,252,254,255
Process 980.csv,165,173,252,254,255
Process 981.csv,165,173,252,254,255
Process 982.csv,165,173,252,254,255
Process 983.csv,173,173,252,254,255
Process 984.csv,165,173,252,254,255
Process 985.csv,165,173,252,254,255
Process 986.csv,165,173,252,254,255
Process 987.csv,165,173,252,254,255
Process 988.csv,165,173,252,254,255
Process 989.csv,165,173,252,254,255
Process 990.csv,165,173,252,254,255
Process 991.csv,165,173,252,254,255
Process 992.csv,165,173,252,254,255
Process 993.csv,165,173,252,254,255
Process 994.csv,165,173,252,254,255
Process 995.csv,165,173,252,254,255
Process 996.csv,165,173,252,254,255
Process 997.csv,165,173,252,254,255
Process 998.csv,165,173,252,254,255
Process 999.csv,165,173,252,254,255
Process 1000.csv,165,173,252,254,255