Process Name,Form 1,Form 2,Form 3,Form 4,Form 5
Process 1,253,256,173,255,252
Process 2,173,252,253,256,165
Process 3,255,165,256,254,253
Process 4,254,252,165,173,253
Process 5,255,254,253,256,173
Process 6,173,256,255,165,254
Process 7,252,165,256,253,254
Process 8,254,255,253,165,256
Process 9,165,256,254,252,255
Process 10,256,255,173,165,252
Process 11,256,165,173,255,253
Process 12,173,165,255,254,256
Process 13,255,165,256,252,253
Process 14,253,252,255,173,254
Process 15,256,253,252,173,255
Process 16,254,252,255,256,253
Process 17,255,252,165,254,173
Process 18,165,253,255,173,256
Process 19,254,173,255,165,252
Process 20,252,255,256,173,253
Process 21,256,254,173,255,253
Process 22,254,252,255,253,256
Process 23,252,253,173,255,165
Process 24,252,173,256,254,255
Process 25,254,252,253,165,173
Process 26,173,254,252,256,253
Process 27,165,254,255,256,252
Process 28,252,253,256,255,173
Process 29,173,256,252,254,255
Process 30,173,253,255,256,254
Process 31,254,173,253,252,256
Process 32,256,255,165,252,254
Process 33,255,253,252,165,173
Process 34,256,252,165,254,173
Process 35,165,254,252,253,256
Process 36,253,254,255,165,252
Process 37,253,252,165,255,173
Process 38,165,253,256,255,252
Process 39,254,165,255,252,253
Process 40,254,255,165,253,252
Process 41,252,255,256,173,253
Process 42,256,254,252,255,173
Process 43,252,165,256,255,253
Process 44,254,253,256,252,255
Process 45,165,252,173,253,256
Process 46,165,253,254,173,256
Process 47,253,165,256,252,254
Process 48,256,254,255,253,165
Process 49,254,253,255,252,173
Process 50,173,253,165,256,255
Process 51,256,173,254,252,253
Process 52,254,252,165,256,255
Process 53,252,165,255,254,173
Process 54,255,252,173,256,253
Process 55,252,173,254,165,256
Process 56,165,253,252,256,254
Process 57,255,173,256,252,254
Process 58,256,165,252,255,254
Process 59,254,165,255,252,173
Process 60,173,165,253,255,256
Process 61,254,256,173,165,255
Process 62,254,256,165,252,253
Process 63,252,165,173,254,256
Process 64,255,254,256,252,173
Process 65,252,253,165,255,256
Process 66,253,255,252,165,256
Process 67,256,165,252,253,173
Process 68,254,252,256,165,253
Process 69,173,253,255,254,256
Process 70,256,254,255,252,253
Process 71,165,253,254,255,252
Process 72,255,252,253,165,256
Process 73,165,253,254,255,252
Process 74,254,173,253,256,165
Process 75,173,253,256,252,165
Process 76,256,253,173,255,165
Process 77,256,165,173,254,252
Process 78,173,253,255,254,256
Process 79,253,255,256,165,252
Process 80,256,254,173,252,165
Process 81,165,256,252,254,253
Process 82,252,253,254,255,173
Process 83,253,252,173,255,254
Process 84,255,165,252,254,173
Process 85,173,255,254,165,256
Process 86,252,254,255,165,253
Process 87,254,173,165,253,255
Process 88,252,253,165,173,256
Process 89,165,255,253,252,254
Process 90,255,165,252,173,253
Process 91,253,256,173,252,165
Process 92,253,252,173,256,254
Process 93,252,256,165,255,253
Process 94,256,254,255,253,173
Process 95,173,252,256,253,165
Process 96,256,165,173,255,254
Process 97,165,254,255,173,253
Process 98,173,252,253,256,254
Process 99,253,254,165,256,252
Process 100,255,173,256,165,254
Process 101,256,173,252,255,254
Process 102,252,255,165,253,256
Process 103,256,253,165,255,254
Process 104,173,253,256,252,254
Process 105,173,165,256,255,253
Process 106,252,256,253,173,165
Process 107,255,253,256,165,254
Process 108,254,256,165,252,253
Process 109,253,255,256,165,252
Process 110,255,165,254,256,173
Process 111,173,253,255,256,165
Process 112,173,252,254,253,256
Process 113,256,252,255,253,173
Process 114,252,255,254,256,253
Process 115,252,254,173,253,165
Process 116,255,253,256,254,252
Process 117,254,252,173,165,253
Process 118,173,255,252,254,253
Process 119,255,254,252,253,256
Process 120,173,252,253,256,165
Process 121,173,165,252,255,256
Process 122,253,252,165,256,254
Process 123,255,254,173,165,252
Process 124,254,173,252,253,255
Process 125,253,254,165,255,173
Process 126,255,173,256,165,252
Process 127,253,165,256,173,254
Process 128,253,254,256,165,255
Process 129,173,252,165,253,256
Process 130,254,253,165,256,255
Process 131,255,254,173,256,253
Process 132,254,165,256,253,255
Process 133,256,165,254,253,255
Process 134,254,173,255,252,256
Process 135,253,165,173,254,252
Process 136,253,165,256,173,255
Process 137,252,255,254,165,256
Process 138,254,165,256,253,252
Process 139,256,173,253,252,255
Process 140,252,173,255,256,253
Process 141,173,254,256,252,255
Process 142,254,165,252,173,256
Process 143,173,253,252,165,254
Process 144,173,253,255,256,165
Process 145,165,173,253,252,254
Process 146,165,253,173,252,256
Process 147,253,254,255,256,252
Process 148,165,255,173,254,252
Process 149,252,173,253,165,255
Process 150,254,253,255,252,173
Process 151,173,253,252,256,254
Process 152,252,253,255,173,256
Process 153,255,173,252,165,254
Process 154,252,255,173,254,165
Process 155,165,253,173,254,255
Process 156,173,256,165,252,255
Process 157,165,254,252,173,255
Process 158,254,255,256,253,252
Process 159,255,256,254,173,252
Process 160,256,253,252,173,254
Process 161,256,173,255,252,253
Process 162,254,256,252,173,165
Process 163,256,173,254,255,252
Process 164,256,255,252,254,253
Process 165,253,252,255,165,173
Process 166,256,255,252,173,254
Process 167,173,252,253,165,256
Process 168,255,165,173,253,256
Process 169,173,165,254,253,256
Process 170,173,254,165,253,255
Process 171,165,255,254,252,253
Process 172,173,253,254,252,255
Process 173,253,254,173,256,255
Process 174,254,256,253,255,173
Process 175,254,252,256,255,165
Process 176,165,253,254,255,256
Process 177,173,254,255,252,165
Process 178,173,255,252,256,254
Process 179,165,173,255,253,254
Process 180,173,253,252,165,255
Process 181,253,165,255,256,254
Process 182,255,173,252,165,256
Process 183,254,256,255,253,173
Process 184,255,256,252,254,253
Process 185,173,253,254,255,165
Process 186,173,165,255,256,253
Process 187,252,173,254,165,256
Process 188,255,253,165,254,252
Process 189,255,256,252,165,254
Process 190,256,254,255,173,165
Process 191,252,254,173,253,165
Process 192,256,173,254,165,255
Process 193,255,253,252,254,165
Process 194,253,252,165,255,256
Process 195,253,252,165,256,173
Process 196,254,255,165,253,252
Process 197,252,253,165,173,256
Process 198,173,253,165,255,256
Process 199,165,255,253,254,256
Process 200,252,253,254,256,165
Process 201,255,165,253,254,252
Process 202,254,252,253,256,165
Process 203,173,256,252,254,255
Process 204,255,252,165,254,253
Process 205,256,165,255,253,252
Process 206,165,256,173,252,254
Process 207,254,253,256,173,255
Process 208,255,256,253,252,165
Process 209,253,254,255,256,165
Process 210,165,254,173,255,252
Process 211,165,252,173,255,253
Process 212,255,253,252,173,165
Process 213,252,254,255,253,173
Process 214,256,165,173,252,253
Process 215,254,165,255,253,256
Process 216,255,173,254,165,253
Process 217,254,165,255,173,253
Process 218,253,173,255,256,254
Process 219,252,256,165,255,254
Process 220,252,173,256,165,253
Process 221,173,256,255,252,253
Process 222,255,173,165,253,256
Process 223,253,255,165,252,256
Process 224,252,165,173,255,254
Process 225,256,254,173,165,253
Process 226,173,165,255,252,253
Process 227,254,255,165,256,253
Process 228,255,252,256,254,165
Process 229,254,255,173,165,253
Process 230,252,165,253,255,256
Process 231,254,255,252,256,165
Process 232,254,252,253,173,165
Process 233,256,254,173,253,252
Process 234,165,254,253,252,173
Process 235,252,173,253,256,255
Process 236,255,253,252,254,165
Process 237,256,173,254,255,165
Process 238,256,255,165,254,253
Process 239,255,256,173,252,254
Process 240,254,255,252,173,165
Process 241,165,253,252,255,254
Process 242,256,254,255,165,252
Process 243,252,173,253,165,255
Process 244,252,254,173,165,253
Process 245,252,255,173,256,253
Process 246,252,255,253,254,256
Process 247,252,254,165,173,253
Process 248,173,252,254,165,256
Process 249,173,256,255,165,252
Process 250,255,253,254,256,165
Process 251,252,256,255,253,254
Process 252,256,252,255,165,173
Process 253,256,253,254,255,252
Process 254,256,253,165,252,254
Process 255,254,165,173,252,256
Process 256,252,256,253,173,255
Process 257,255,254,173,256,253
Process 258,256,165,252,254,253
Process 259,254,252,165,255,256
Process 260,173,256,255,253,252
Process 261,253,252,165,255,256
Process 262,165,256,253,252,173
Process 263,254,256,253,255,173
Process 264,256,173,255,165,254
Process 265,165,255,253,252,173
Process 266,256,173,254,255,165
Process 267,165,253,255,252,254
Process 268,253,252,173,255,254
Process 269,255,254,252,253,165
Process 270,252,253,256,173,165
Process 271,165,173,253,254,252
Process 272,253,173,255,256,165
Process 273,165,255,252,256,173
Process 274,165,173,255,254,253
Process 275,253,254,252,255,165
Process 276,255,173,252,256,253
Process 277,252,255,256,173,165
Process 278,165,256,254,173,255
Process 279,165,253,255,173,254
Process 280,173,253,165,256,254
Process 281,252,254,173,253,255
Process 282,165,255,252,254,253
Process 283,254,255,256,165,173
Process 284,253,254,173,255,165
Process 285,253,254,256,252,165
Process 286,165,252,255,256,254
Process 287,165,256,173,252,253
Process 288,255,256,253,252,165
Process 289,253,165,255,256,252
Process 290,252,256,255,254,165
Process 291,254,255,253,256,165
Process 292,165,173,253,252,256
Process 293,252,165,254,173,256
Process 294,253,254,173,165,256
Process 295,254,255,165,252,173
Process 296,165,173,254,256,252
Process 297,252,255,165,256,254
Process 298,256,252,254,173,255
Process 299,256,254,165,252,255
Process 300,253,255,165,173,252
Process 301,256,252,173,255,253
Process 302,253,254,256,173,255
Process 303,253,254,255,173,165
Process 304,173,252,256,254,253
Process 305,255,252,256,254,165
Process 306,252,173,165,256,254
Process 307,165,252,173,254,256
Process 308,252,256,173,255,253
Process 309,255,256,253,165,254
Process 310,165,254,253,255,252
Process 311,253,255,252,165,254
Process 312,173,253,165,254,252
Process 313,173,253,256,252,165
Process 314,173,252,256,165,254
Process 315,253,254,173,256,255
Process 316,252,255,254,256,173
Process 317,253,173,255,252,165
Process 318,253,256,254,165,173
Process 319,256,252,165,254,255
Process 320,252,256,253,173,255
Process 321,173,255,253,165,256
Process 322,165,256,173,253,254
Process 323,252,165,255,253,173
Process 324,256,165,255,252,253
Process 325,165,253,252,256,255
Process 326,255,252,253,165,173
Process 327,252,165,256,253,254
Process 328,253,252,165,173,256
Process 329,253,256,165,254,252
Process 330,255,173,254,256,165
Process 331,256,252,255,173,253
Process 332,253,252,255,256,165
Process 333,253,252,254,255,256
Process 334,254,252,253,255,173
Process 335,173,256,252,254,253
Process 336,252,255,254,173,253
Process 337,253,173,255,252,256
Process 338,173,252,255,254,165
Process 339,173,253,252,254,256
Process 340,252,255,173,253,254
Process 341,255,252,165,253,254
Process 342,255,165,252,254,173
Process 343,254,256,165,253,252
Process 344,165,173,252,255,254
Process 345,253,254,252,165,256
Process 346,255,254,256,173,253
Process 347,256,252,173,254,165
Process 348,256,165,254,255,252
Process 349,173,253,165,256,255
Process 350,165,255,254,253,173
Process 351,253,173,256,255,252
Process 352,173,256,254,255,252
Process 353,255,173,253,256,252
Process 354,253,173,255,256,165
Process 355,165,256,173,253,254
Process 356,173,255,252,253,254
Process 357,252,165,256,173,254
Process 358,165,254,256,253,255
Process 359,255,252,256,173,253
Process 360,256,165,255,253,173
Process 361,253,254,256,165,173
Process 362,255,173,252,254,256
Process 363,253,252,255,256,254
Process 364,253,173,255,254,256
Process 365,165,252,255,254,173
Process 366,256,165,253,254,255
Process 367,256,255,254,252,253
Process 368,254,256,252,165,255
Process 369,252,173,253,255,254
Process 370,254,252,256,173,253
Process 371,253,255,256,254,173
Process 372,252,256,254,173,165
Process 373,254,256,252,165,253
Process 374,254,256,253,165,173
Process 375,252,253,256,173,165
Process 376,256,173,253,165,254
Process 377,254,255,173,253,252
Process 378,173,253,165,254,252
Process 379,252,165,253,255,173
Process 380,254,256,165,255,253
Process 381,254,253,252,255,256
Process 382,256,173,255,253,252
Process 383,256,252,173,253,254
Process 384,252,165,253,254,255
Process 385,255,252,253,165,173
Process 386,252,173,165,255,256
Process 387,253,252,173,255,165
Process 388,252,256,255,165,253
Process 389,165,253,173,254,255
Process 390,165,173,253,256,255
Process 391,165,254,173,252,253
Process 392,252,255,173,253,254
Process 393,254,165,256,252,255
Process 394,256,173,253,255,165
Process 395,253,256,173,254,165
Process 396,173,165,256,252,255
Process 397,252,253,173,256,165
Process 398,254,253,255,256,252
Process 399,256,165,173,253,252
Process 400,255,256,165,173,253
Process 401,254,165,253,256,255
Process 402,173,255,256,253,252
Process 403,255,165,253,256,173
Process 404,255,256,173,165,253
Process 405,255,254,173,165,256
Process 406,165,173,253,256,254
Process 407,252,253,255,165,173
Process 408,252,253,173,254,255
Process 409,255,253,256,173,252
Process 410,252,254,253,173,255
Process 411,165,256,255,253,173
Process 412,255,256,253,173,252
Process 413,252,173,255,254,256
Process 414,255,165,253,256,254
Process 415,253,254,173,252,256
Process 416,252,256,165,255,254
Process 417,254,255,252,173,253
Process 418,252,254,255,173,165
Process 419,252,173,255,256,165
Process 420,255,173,252,256,253
Process 421,255,165,173,253,252
Process 422,256,255,253,165,252
Process 423,253,255,165,252,254
Process 424,256,252,165,254,255
Process 425,254,253,165,252,255
Process 426,254,255,173,165,253
Process 427,253,254,256,255,165
Process 428,165,173,254,252,255
Process 429,173,165,254,256,255
Process 430,256,255,253,252,165
Process 431,252,165,173,254,255
Process 432,254,253,255,256,252
Process 433,256,253,255,173,254
Process 434,255,253,173,165,252
Process 435,254,256,255,252,173
Process 436,256,253,173,254,255
Process 437,165,173,254,253,256
Process 438,252,165,253,255,173
Process 439,255,165,253,254,173
Process 440,255,173,256,252,254
Process 441,256,173,252,253,255
Process 442,165,256,252,253,173
Process 443,173,254,165,255,252
Process 444,256,254,173,165,255
Process 445,255,252,256,254,253
Process 446,256,165,255,252,254
Process 447,255,253,165,256,173
Process 448,254,253,252,256,255
Process 449,165,254,173,253,256
Process 450,255,253,165,173,254
Process 451,253,255,165,252,173
Process 452,165,255,253,256,252
Process 453,255,252,256,173,165
Process 454,165,256,252,253,255
Process 455,254,165,255,173,256
Process 456,252,254,253,165,173
Process 457,255,256,173,253,252
Process 458,165,253,256,173,254
Process 459,173,253,255,254,165
Process 460,252,173,254,253,165
Process 461,173,255,254,256,253
Process 462,255,165,173,253,254
Process 463,256,255,254,165,173
Process 464,254,255,252,256,253
Process 465,254,255,173,253,252
Process 466,173,254,252,256,253
Process 467,254,252,255,165,253
Process 468,256,254,255,165,173
Process 469,165,254,253,256,173
Process 470,252,256,165,253,254
Process 471,254,256,173,253,252
Process 472,252,173,255,253,254
Process 473,254,252,253,255,173
Process 474,173,255,256,253,165
Process 475,253,165,255,254,173
Process 476,254,253,256,173,165
Process 477,254,173,253,256,165
Process 478,173,254,256,255,253
Process 479,165,254,173,256,252
Process 480,165,252,253,254,256
Process 481,255,252,253,254,173
Process 482,255,254,173,253,165
Process 483,173,253,256,255,254
Process 484,252,255,256,254,173
Process 485,256,254,165,252,255
Process 486,256,173,255,165,252
Process 487,255,256,253,165,252
Process 488,252,255,173,256,165
Process 489,254,173,252,165,253
Process 490,253,173,252,255,256
Process 491,173,254,256,255,165
Process 492,252,173,255,254,256
Process 493,253,165,254,173,255
Process 494,255,254,252,165,253
Process 495,165,255,173,254,256
Process 496,253,256,173,252,255
Process 497,254,255,252,173,256
Process 498,252,254,253,165,173
Process 499,173,254,256,253,165
Process 500,173,254,256,253,165
Process 501,165,253,173,252,254
Process 502,165,173,254,253,252
Process 503,254,253,252,165,255
Process 504,256,165,254,253,173
Process 505,254,165,255,253,252
Process 506,165,254,252,256,255
Process 507,254,256,253,165,255
Process 508,165,254,255,253,173
Process 509,165,255,252,254,173
Process 510,165,254,256,252,255
Process 511,252,253,165,256,254
Process 512,165,255,254,256,252
Process 513,173,256,254,255,165
Process 514,173,255,256,254,252
Process 515,252,173,254,255,165
Process 516,255,256,165,252,253
Process 517,253,254,165,255,252
Process 518,165,255,173,253,256
Process 519,255,253,173,254,256
Process 520,256,254,252,255,173
Process 521,165,256,253,173,255
Process 522,252,173,256,255,165
Process 523,256,173,255,253,165
Process 524,254,256,255,252,173
Process 525,255,254,173,252,256
Process 526,256,255,173,252,253
Process 527,173,256,254,253,165
Process 528,254,253,165,252,173
Process 529,165,173,255,253,256
Process 530,173,256,254,253,255
Process 531,165,256,254,253,255
Process 532,253,254,255,165,256
Process 533,173,252,254,165,256
Process 534,256,255,252,254,165
Process 535,252,254,256,255,253
Process 536,252,255,254,165,253
Process 537,254,255,256,165,252
Process 538,254,165,173,256,252
Process 539,173,255,253,252,254
Process 540,173,253,252,254,256
Process 541,165,256,252,173,253
Process 542,173,255,252,256,254
Process 543,253,173,165,254,252
Process 544,255,256,252,254,173
Process 545,254,255,253,173,256
Process 546,255,173,165,256,254
Process 547,255,256,253,165,254
Process 548,254,255,173,256,253
Process 549,165,256,173,252,253
Process 550,165,173,253,252,254
Process 551,173,165,255,254,256
Process 552,253,256,254,165,255
Process 553,165,254,252,256,173
Process 554,173,165,256,253,255
Process 555,256,252,254,255,165
Process 556,253,173,255,256,165
Process 557,252,165,255,253,173
Process 558,165,256,252,173,254
Process 559,173,255,252,256,254
Process 560,253,252,173,255,256
Process 561,255,256,173,254,252
Process 562,173,256,165,254,253
Process 563,165,253,255,252,254
Process 564,173,256,165,252,255
Process 565,173,253,165,254,252
Process 566,256,252,254,165,173
Process 567,255,254,165,253,173
Process 568,254,253,255,173,252
Process 569,252,254,255,165,253
Process 570,252,173,255,253,254
Process 571,165,173,253,255,254
Process 572,165,253,256,255,254
Process 573,254,252,253,173,256
Process 574,173,253,254,256,255
Process 575,173,256,254,255,253
Process 576,253,173,255,252,165
Process 577,255,173,253,165,252
Process 578,253,165,255,252,173
Process 579,255,165,256,252,254
Process 580,253,254,256,252,173
Process 581,252,253,254,256,165
Process 582,165,254,256,255,252
Process 583,252,165,255,173,256
Process 584,255,173,254,253,252
Process 585,254,253,173,256,165
Process 586,256,254,173,165,253
Process 587,252,253,255,254,173
Process 588,256,173,254,252,255
Process 589,255,253,254,252,256
Process 590,256,173,252,253,165
Process 591,256,165,254,255,173
Process 592,253,165,173,254,252
Process 593,256,255,253,252,173
Process 594,254,252,256,253,165
Process 595,252,165,253,254,173
Process 596,173,253,256,255,165
Process 597,173,255,254,165,253
Process 598,255,173,252,165,254
Process 599,252,165,254,253,173
Process 600,165,253,256,254,255
Process 601,173,253,254,255,256
Process 602,252,256,165,253,254
Process 603,165,255,252,253,173
Process 604,165,173,253,254,256
Process 605,256,254,165,173,255
Process 606,253,256,165,173,254
Process 607,165,253,256,173,254
Process 608,256,173,255,253,165
Process 609,254,165,256,253,173
Process 610,173,253,165,252,254
Process 611,256,252,165,254,255
Process 612,254,165,255,256,252
Process 613,254,173,255,253,256
Process 614,173,253,255,256,254
Process 615,256,165,252,253,255
Process 616,255,254,252,256,253
Process 617,254,252,165,256,255
Process 618,256,165,173,252,254
Process 619,256,165,253,252,173
Process 620,256,255,165,253,173
Process 621,255,165,256,173,252
Process 622,252,253,173,254,165
Process 623,254,165,252,255,256
Process 624,256,254,252,253,173
Process 625,254,165,253,256,255
Process 626,253,254,173,255,256
Process 627,173,254,255,252,165
Process 628,254,252,165,256,173
Process 629,253,252,254,165,256
Process 630,253,256,252,165,173
Process 631,173,252,165,253,255
Process 632,252,255,253,256,165
Process 633,256,252,165,254,253
Process 634,254,256,173,255,253
Process 635,252,254,253,165,173
Process 636,253,252,256,173,254
Process 637,255,254,252,256,253
Process 638,252,255,254,256,173
Process 639,252,165,254,255,173
Process 640,253,165,252,255,173
Process 641,173,253,255,254,165
Process 642,173,252,255,254,256
Process 643,253,254,165,256,252
Process 644,165,173,254,252,255
Process 645,254,165,173,253,255
Process 646,252,253,173,254,165
Process 647,252,173,253,256,255
Process 648,173,254,256,253,255
Process 649,253,165,252,254,256
Process 650,165,252,253,256,254
Process 651,252,256,255,173,253
Process 652,165,173,256,252,255
Process 653,173,252,165,254,253
Process 654,173,256,254,252,165
Process 655,254,173,165,255,253
Process 656,253,252,173,165,254
Process 657,254,165,253,173,255
Process 658,252,256,253,255,165
Process 659,255,165,173,254,256
Process 660,256,254,255,253,165
Process 661,256,165,253,254,252
Process 662,256,253,255,165,252
Process 663,254,253,173,255,256
Process 664,173,254,255,252,165
Process 665,254,255,165,256,252
Process 666,253,252,255,165,173
Process 667,165,256,254,253,252
Process 668,165,253,256,254,173
Process 669,255,173,253,254,165
Process 670,252,256,253,255,165
Process 671,253,173,165,254,256
Process 672,255,165,253,252,256
Process 673,173,253,252,255,256
Process 674,255,165,254,256,252
Process 675,255,252,173,256,254
Process 676,252,165,256,173,255
Process 677,173,254,165,255,253
Process 678,252,254,256,173,165
Process 679,253,254,165,256,252
Process 680,254,165,252,255,253
Process 681,255,254,252,253,173
Process 682,254,252,253,173,165
Process 683,254,252,253,173,255
Process 684,255,252,256,253,165
Process 685,256,253,254,173,255
Process 686,252,255,173,253,256
Process 687,253,254,252,255,165
Process 688,173,253,255,252,254
Process 689,256,252,255,173,165
Process 690,165,173,256,253,254
Process 691,165,255,253,252,173
Process 692,256,255,254,252,173
Process 693,253,252,165,256,254
Process 694,165,252,255,173,254
Process 695,256,173,165,255,254
Process 696,165,256,253,254,173
Process 697,173,253,252,255,256
Process 698,173,252,256,165,254
Process 699,252,256,165,173,254
Process 700,253,173,254,252,256
Process 701,253,255,256,165,254
Process 702,252,253,165,256,173
Process 703,173,254,256,253,252
Process 704,252,254,256,255,173
Process 705,255,256,252,253,254
Process 706,253,252,165,255,173
Process 707,254,165,256,253,173
Process 708,256,165,173,253,254
Process 709,255,173,253,252,165
Process 710,173,254,256,165,255
Process 711,255,256,252,253,165
Process 712,252,173,256,254,255
Process 713,165,252,254,253,255
Process 714,173,254,165,253,256
Process 715,165,254,256,173,253
Process 716,255,252,165,256,254
Process 717,254,253,173,256,165
Process 718,252,255,253,254,173
Process 719,252,173,255,254,256
Process 720,255,254,253,252,165
Process 721,256,165,252,173,255
Process 722,256,165,252,255,173
Process 723,173,252,253,255,165
Process 724,253,173,256,255,252
Process 725,254,165,253,252,255
Process 726,255,173,253,165,252
Process 727,256,254,165,253,252
Process 728,256,254,253,173,165
Process 729,253,173,256,252,254
Process 730,255,173,256,254,253
Process 731,173,165,256,254,255
Process 732,256,255,252,254,173
Process 733,173,165,256,255,253
Process 734,252,253,254,255,256
Process 735,173,254,253,255,256
Process 736,256,253,165,252,255
Process 737,255,254,252,256,165
Process 738,173,165,256,252,253
Process 739,252,256,165,255,254
Process 740,253,252,256,254,173
Process 741,254,253,173,165,255
Process 742,256,255,165,173,252
Process 743,254,165,256,253,255
Process 744,252,255,253,254,173
Process 745,252,254,255,256,253
Process 746,255,252,173,253,254
Process 747,173,165,252,253,255
Process 748,256,253,255,252,254
Process 749,254,256,173,252,255
Process 750,254,165,255,252,253
Process 751,255,252,165,173,253
Process 752,256,173,165,254,255
Process 753,165,254,252,173,255
Process 754,255,254,256,253,173
Process 755,165,173,255,253,256
Process 756,256,254,255,165,252
Process 757,256,253,254,165,255
Process 758,173,165,252,255,256
Process 759,254,256,165,253,255
Process 760,173,252,256,255,254
Process 761,256,173,254,165,255
Process 762,254,255,256,173,253
Process 763,252,253,173,256,165
Process 764,255,253,165,256,252
Process 765,165,254,253,255,252
Process 766,256,255,252,173,253
Process 767,253,256,165,173,252
Process 768,255,252,173,165,254
Process 769,256,252,255,253,173
Process 770,165,173,253,252,254
Process 771,254,173,255,256,252
Process 772,173,165,253,252,255
Process 773,252,255,165,254,173
Process 774,256,252,255,253,165
Process 775,255,253,252,165,254
Process 776,252,165,253,254,173
Process 777,165,173,253,254,255
Process 778,252,165,256,253,173
Process 779,165,253,255,254,252
Process 780,256,255,252,165,254
Process 781,255,165,253,256,254
Process 782,165,256,252,173,253
Process 783,255,252,173,165,256
Process 784,255,173,256,253,252
Process 785,254,173,252,255,253
Process 786,254,253,252,255,165
Process 787,173,165,255,256,252
Process 788,165,254,173,252,253
Process 789,252,165,173,253,256
Process 790,254,255,173,252,256
Process 791,255,256,254,173,165
Process 792,256,253,173,165,254
Process 793,165,253,254,255,173
Process 794,255,256,252,253,165
Process 795,252,173,255,256,165
Process 796,253,252,255,256,254
Process 797,252,253,256,254,255
Process 798,252,255,254,165,253
Process 799,173,256,254,255,252
Process 800,173,255,253,252,256
Process 801,255,256,254,173,165
Process 802,255,254,165,173,252
Process 803,165,173,253,255,254
Process 804,254,255,253,165,252
Process 805,256,255,173,252,165
Process 806,253,254,252,256,255
Process 807,256,165,173,253,252
Process 808,255,253,252,173,254
Process 809,165,254,253,256,252
Process 810,165,173,255,253,254
Process 811,256,254,253,252,173
Process 812,254,255,252,173,256
Process 813,252,254,255,165,253
Process 814,165,255,256,254,252
Process 815,256,254,173,253,165
Process 816,165,253,173,256,254
Process 817,254,253,255,165,252
Process 818,165,252,173,253,255
Process 819,253,255,252,173,256
Process 820,254,256,255,173,252
Process 821,256,165,173,252,255
Process 822,165,254,252,256,173
Process 823,256,253,254,252,255
Process 824,165,253,254,252,173
Process 825,256,165,253,173,255
Process 826,253,252,173,255,256
Process 827,256,255,253,252,173
Process 828,255,254,173,253,165
Process 829,252,165,253,254,256
Process 830,256,173,255,252,254
Process 831,173,252,165,255,254
Process 832,165,256,253,254,255
Process 833,255,252,165,173,253
Process 834,165,173,254,256,252
Process 835,256,165,254,252,253
Process 836,254,173,256,253,252
Process 837,252,253,256,173,254
Process 838,253,165,252,256,173
Process 839,256,252,254,173,253
Process 840,253,252,255,173,165
Process 841,165,173,252,253,256
Process 842,165,253,256,254,255
Process 843,255,253,252,254,256
Process 844,253,256,255,165,254
Process 845,173,255,165,256,252
Process 846,253,173,254,256,255
Process 847,254,173,165,256,255
Process 848,252,253,165,173,255
Process 849,252,254,256,165,255
Process 850,165,254,252,255,256
Process 851,254,252,173,256,165
Process 852,252,254,165,253,256
Process 853,173,254,253,165,252
Process 854,173,256,252,254,165
Process 855,165,173,254,252,256
Process 856,252,255,165,256,253
Process 857,255,254,253,173,256
Process 858,256,253,254,252,165
Process 859,253,165,173,254,256
Process 860,254,173,252,165,256
Process 861,165,254,252,173,255
Process 862,256,252,254,173,165
Process 863,254,253,165,252,256
Process 864,173,256,252,255,165
Process 865,253,165,256,173,254
Process 866,255,252,256,253,254
Process 867,255,253,254,256,252
Process 868,254,253,165,173,252
Process 869,165,254,253,256,255
Process 870,173,256,255,252,253
Process 871,165,253,173,254,256
Process 872,256,253,252,254,173
Process 873,255,165,253,173,256
Process 874,165,254,256,173,255
Process 875,255,253,173,165,252
Process 876,165,254,256,255,253
Process 877,254,256,253,252,165
Process 878,253,254,165,173,256
Process 879,173,252,254,253,255
Process 880,252,254,256,255,165
Process 881,165,173,252,255,253
Process 882,252,173,255,253,256
Process 883,173,254,253,256,255
Process 884,252,165,256,253,254
Process 885,255,253,256,173,165
Process 886,173,253,252,256,254
Process 887,165,256,253,254,252
Process 888,173,253,252,255,256
Process 889,173,255,252,253,165
Process 890,254,252,256,173,255
Process 891,255,254,252,256,173
Process 892,253,173,254,252,256
Process 893,253,256,252,254,165
Process 894,255,256,254,253,173
Process 895,254,252,253,173,255
Process 896,173,253,255,252,256
Process 897,256,173,165,255,254
Process 898,254,173,255,256,252
Process 899,254,256,255,253,173
Process 900,253,173,252,165,255
Process 901,252,253,173,255,254
Process 902,256,254,252,253,173
Process 903,254,253,255,256,252
Process 904,252,256,255,165,253
Process 905,256,255,252,253,254
Process 906,253,165,252,254,255
Process 907,253,165,254,173,255
Process 908,254,255,253,165,252
Process 909,253,252,165,254,256
Process 910,255,173,254,256,165
Process 911,256,252,173,255,254
Process 912,254,165,256,252,173
Process 913,255,252,253,165,256
Process 914,255,256,253,173,252
Process 915,256,254,165,173,253
Process 916,165,173,252,255,256
Process 917,253,254,256,173,165
Process 918,255,254,253,165,256
Process 919,173,256,165,252,254
Process 920,253,254,252,255,165
Process 921,253,255,165,254,256
Process 922,255,253,256,173,252
Process 923,255,254,253,252,173
Process 924,254,255,173,256,253
Process 925,253,255,256,165,173
Process 926,173,165,252,254,253
Process 927,256,254,252,255,253
Process 928,253,256,255,252,165
Process 929,256,173,253,255,252
Process 930,255,256,165,173,254
Process 931,173,253,255,165,256
Process 932,253,256,254,165,252
Process 933,255,256,165,254,252
Process 934,254,255,253,173,165
Process 935,173,253,165,255,256
Process 936,253,252,254,173,165
Process 937,165,252,255,256,254
Process 938,165,255,256,254,253
Process 939,165,252,173,256,255
Process 940,173,254,256,165,255
Process 941,256,253,255,254,165
Process 942,252,165,173,253,254
Process 943,173,256,165,253,255
Process 944,173,255,252,256,253
Process 945,255,254,173,252,253
Process 946,253,255,252,254,256
Process 947,255,256,252,253,254
Process 948,254,256,252,173,255
Process 949,256,173,165,255,254
Process 950,256,253,173,252,255
Process 951,173,252,254,165,256
Process 952,165,256,254,173,255
Process 953,254,253,255,256,173
Process 954,253,173,256,252,165
Process 955,254,165,256,253,255
Process 956,173,252,253,254,255
Process 957,255,254,252,165,253
Process 958,256,252,255,254,253
Process 959,254,165,256,255,173
Process 960,256,254,253,252,255
Process 961,165,253,255,254,173
Process 962,252,165,253,255,254
Process 963,254,165,252,173,253
Process 964,253,255,165,173,254
Process 965,256,253,173,255,165
Process 966,254,173,255,256,165
Process 967,165,253,256,173,255
Process 968,256,254,255,253,252
Process 969,255,252,254,256,165
Process 970,253,173,256,254,165
Process 971,255,256,173,254,252
Process 972,254,165,255,256,252
Process 973,253,256,255,252,165
Process 974,253,165,252,256,173
Process 975,165,252,254,173,256
Process 976,252,254,173,253,255
Process 977,165,252,256,255,254
Process 978,255,173,165,253,256
Process 979,173,255,254,165,256
Process 980,254,256,255,253,252
Process 981,254,253,165,173,252
Process 982,255,254,253,256,165
Process 983,165,173,252,254,256
Process 984,255,256,254,173,165
Process 985,165,253,173,255,252
Process 986,254,165,173,252,256
Process 987,253,255,254,173,256
Process 988,252,255,253,165,254
Process 989,165,256,173,252,253
Process 990,253,254,252,165,255
Process 991,252,253,254,255,173
Process 992,255,165,173,254,256
Process 993,254,173,252,256,255
Process 994,165,256,253,254,173
Process 995,173,254,256,165,252
Process 996,165,254,253,173,256
Process 997,252,173,256,255,253
Process 998,256,253,255,252,165
Process 999,253,165,256,255,254
Process 1000,256,254,165,255,252